Title,Link,Source,Published,Category,Image,Scraped_At
">window.IJ_values = ['\/\/www.google.com\/advanced_search?hl\x3den-US\x26fg\x3d1\x26q\x3ddrone+when:24h',[null,null,",https://news.google.com/search?q=drone%20when%3A24h&hl=en,Drones Source,Recent,ðŸš Drones,,2025-07-26T22:05:01.314397
Google News - drone when:24h - RSS,https://news.google.com/search?q=drone%20when%3A24h&hl=en,Drones Source,Recent,ðŸš Drones,,2025-07-26T22:05:01.315322
/rss/search?hl=en-US&amp;gl=US&amp;ceid=US%3Aen&amp;oc=11&amp;q=drone%20when%3A24h,https://news.google.com/search?q=drone%20when%3A24h&hl=en,Drones Source,Recent,ðŸš Drones,,2025-07-26T22:05:01.315327
/atom/search?hl=en-US&amp;gl=US&amp;ceid=US%3Aen&amp;oc=11&amp;q=drone%20when%3A24h,https://news.google.com/search?q=drone%20when%3A24h&hl=en,Drones Source,Recent,ðŸš Drones,,2025-07-26T22:05:01.315335
More - These popular DJI drones are finally in stock at Amazon â€” grab them while you can,https://news.google.com/search?q=drone%20when%3A24h&hl=en,Drones Source,Recent,ðŸš Drones,,2025-07-26T22:05:01.315749
">window.IJ_values = ['\/\/www.google.com\/advanced_search?hl\x3den-US\x26fg\x3d1\x26q\x3dUAV+when:24h',[null,null,",https://news.google.com/search?q=UAV%20when%3A24h&hl=en,UAV Source,Recent,ðŸ›©ï¸ UAV,,2025-07-26T22:05:03.319547
/rss/search?hl=en-US&amp;gl=US&amp;ceid=US%3Aen&amp;oc=11&amp;q=UAV%20when%3A24h,https://news.google.com/search?q=UAV%20when%3A24h&hl=en,UAV Source,Recent,ðŸ›©ï¸ UAV,,2025-07-26T22:05:03.320453
Google News - UAV when:24h - Atom,https://news.google.com/search?q=UAV%20when%3A24h&hl=en,UAV Source,Recent,ðŸ›©ï¸ UAV,,2025-07-26T22:05:03.320457
/atom/search?hl=en-US&amp;gl=US&amp;ceid=US%3Aen&amp;oc=11&amp;q=UAV%20when%3A24h,https://news.google.com/search?q=UAV%20when%3A24h&hl=en,UAV Source,Recent,ðŸ›©ï¸ UAV,,2025-07-26T22:05:03.320461
More - Ukrainian FPV Drone Neutralizes Russiaâ€™s Orion UAVâ€”Striking Its â€œNerve Centerâ€,https://news.google.com/search?q=UAV%20when%3A24h&hl=en,UAV Source,Recent,ðŸ›©ï¸ UAV,,2025-07-26T22:05:03.320880
/rss/search?hl=en-US&amp;gl=US&amp;ceid=US%3Aen&amp;oc=11&amp;q=UAS%20when%3A24h,https://news.google.com/search?q=UAS%20when%3A24h&hl=en,UAS Source,Recent,ðŸ›©ï¸ UAS,,2025-07-26T22:05:06.360961
/atom/search?hl=en-US&amp;gl=US&amp;ceid=US%3Aen&amp;oc=11&amp;q=UAS%20when%3A24h,https://news.google.com/search?q=UAS%20when%3A24h&hl=en,UAS Source,Recent,ðŸ›©ï¸ UAS,,2025-07-26T22:05:06.360970
"More - July 25, 2025 â€” UAS view of north vent",https://news.google.com/search?q=UAS%20when%3A24h&hl=en,UAS Source,Recent,ðŸ›©ï¸ UAS,,2025-07-26T22:05:06.361376
"July 25, 2025 â€” UAS view of north vent - USGS (.gov) - 22 hours ago",https://news.google.com/search?q=UAS%20when%3A24h&hl=en,UAS Source,Recent,ðŸ›©ï¸ UAS,,2025-07-26T22:05:06.361390
">window.IJ_values = ['\/\/www.google.com\/advanced_search?hl\x3den-US\x26fg\x3d1\x26q\x3dmilitary+drone+when:24h',[null,null,",https://news.google.com/search?q=military%20drone%20when%3A24h&hl=en,Drones Source,Recent,ðŸŽ¯ Military Drones,,2025-07-26T22:05:07.917634
/rss/search?hl=en-US&amp;gl=US&amp;ceid=US%3Aen&amp;oc=11&amp;q=military%20drone%20when%3A24h,https://news.google.com/search?q=military%20drone%20when%3A24h&hl=en,Drones Source,Recent,ðŸŽ¯ Military Drones,,2025-07-26T22:05:07.918520
/atom/search?hl=en-US&amp;gl=US&amp;ceid=US%3Aen&amp;oc=11&amp;q=military%20drone%20when%3A24h,https://news.google.com/search?q=military%20drone%20when%3A24h&hl=en,Drones Source,Recent,ðŸŽ¯ Military Drones,,2025-07-26T22:05:07.918528
"More - Ukrainian drones strike major Russian military radio factory in Stavropol, SBU source says",https://news.google.com/search?q=military%20drone%20when%3A24h&hl=en,Drones Source,Recent,ðŸŽ¯ Military Drones,,2025-07-26T22:05:07.918933
/rss/search?hl=en-US&amp;gl=US&amp;ceid=US%3Aen&amp;oc=11&amp;q=China%20drone%20when%3A24h,https://news.google.com/search?q=China%20drone%20when%3A24h&hl=en,Drones Source,Recent,ðŸ‡¨ðŸ‡³ China Drones,,2025-07-26T22:05:10.854466
/atom/search?hl=en-US&amp;gl=US&amp;ceid=US%3Aen&amp;oc=11&amp;q=China%20drone%20when%3A24h,https://news.google.com/search?q=China%20drone%20when%3A24h&hl=en,Drones Source,Recent,ðŸ‡¨ðŸ‡³ China Drones,,2025-07-26T22:05:10.854475
"https://encrypted-tbn2.gstatic.com/faviconV2?url=https://dronexl.co&amp;client=NEWS_360&amp;size=96&amp;type=FAVICON&amp;fallback_opts=TYPE,SIZE,URL",https://news.google.com/search?q=China%20drone%20when%3A24h&hl=en,Drones Source,Recent,ðŸ‡¨ðŸ‡³ China Drones,,2025-07-26T22:05:10.854880
>DroneXL.co</div></div></div><div class=,https://news.google.com/search?q=China%20drone%20when%3A24h&hl=en,Drones Source,Recent,ðŸ‡¨ðŸ‡³ China Drones,,2025-07-26T22:05:10.854884
/rss/search?hl=en-US&amp;gl=US&amp;ceid=US%3Aen&amp;oc=11&amp;q=Russia%20drone%20when%3A24h,https://news.google.com/search?q=Russia%20drone%20when%3A24h&hl=en,Drones Source,Recent,ðŸ‡·ðŸ‡º Russia Drones,,2025-07-26T22:05:12.993933
/atom/search?hl=en-US&amp;gl=US&amp;ceid=US%3Aen&amp;oc=11&amp;q=Russia%20drone%20when%3A24h,https://news.google.com/search?q=Russia%20drone%20when%3A24h&hl=en,Drones Source,Recent,ðŸ‡·ðŸ‡º Russia Drones,,2025-07-26T22:05:12.993942
More - Five dead in Ukraine-Russian drone duels; Zelensky optimistic,https://news.google.com/search?q=Russia%20drone%20when%3A24h&hl=en,Drones Source,Recent,ðŸ‡·ðŸ‡º Russia Drones,,2025-07-26T22:05:12.994345
Five dead in Ukraine-Russian drone duels; Zelensky optimistic - upi.com - 1 hour ago - By Allen Cone,https://news.google.com/search?q=Russia%20drone%20when%3A24h&hl=en,Drones Source,Recent,ðŸ‡·ðŸ‡º Russia Drones,,2025-07-26T22:05:12.994355
/rss/search?hl=en-US&amp;gl=US&amp;ceid=US%3Aen&amp;oc=11&amp;q=autonomous%20drone%20when%3A24h,https://news.google.com/search?q=autonomous%20drone%20when%3A24h&hl=en,Drones Source,Recent,ðŸ¤– Autonomous Drones,,2025-07-26T22:05:15.239040
/atom/search?hl=en-US&amp;gl=US&amp;ceid=US%3Aen&amp;oc=11&amp;q=autonomous%20drone%20when%3A24h,https://news.google.com/search?q=autonomous%20drone%20when%3A24h&hl=en,Drones Source,Recent,ðŸ¤– Autonomous Drones,,2025-07-26T22:05:15.239049
More - Ukraine&#39;s Drone Revolution: Asymmetric Warfare and the New Frontier of Defense Tech Investment,https://news.google.com/search?q=autonomous%20drone%20when%3A24h&hl=en,Drones Source,Recent,ðŸ¤– Autonomous Drones,,2025-07-26T22:05:15.239451
">window.IJ_values = ['\/\/www.google.com\/advanced_search?hl\x3den-US\x26fg\x3d1\x26q\x3ddrone+warfare+when:24h',[null,null,",https://news.google.com/search?q=drone%20warfare%20when%3A24h&hl=en,Warfare Source,Recent,âš”ï¸ Drone Warfare,,2025-07-26T22:05:16.971356
/rss/search?hl=en-US&amp;gl=US&amp;ceid=US%3Aen&amp;oc=11&amp;q=drone%20warfare%20when%3A24h,https://news.google.com/search?q=drone%20warfare%20when%3A24h&hl=en,Warfare Source,Recent,âš”ï¸ Drone Warfare,,2025-07-26T22:05:16.972252
/atom/search?hl=en-US&amp;gl=US&amp;ceid=US%3Aen&amp;oc=11&amp;q=drone%20warfare%20when%3A24h,https://news.google.com/search?q=drone%20warfare%20when%3A24h&hl=en,Warfare Source,Recent,âš”ï¸ Drone Warfare,,2025-07-26T22:05:16.972260
More - OPINION: The Kremlinâ€™s Drone War Is Now a War on Ukraineâ€™s Resilience,https://news.google.com/search?q=drone%20warfare%20when%3A24h&hl=en,Warfare Source,Recent,âš”ï¸ Drone Warfare,,2025-07-26T22:05:16.972671
">window.IJ_values = ['\/\/www.google.com\/advanced_search?hl\x3den-US\x26fg\x3d1\x26q\x3dIran+drone+when:24h',[null,null,",https://news.google.com/search?q=Iran%20drone%20when%3A24h&hl=en,Drones Source,Recent,ðŸ‡®ðŸ‡· Iran Drones,,2025-07-26T22:05:20.288916
/rss/search?hl=en-US&amp;gl=US&amp;ceid=US%3Aen&amp;oc=11&amp;q=Iran%20drone%20when%3A24h,https://news.google.com/search?q=Iran%20drone%20when%3A24h&hl=en,Drones Source,Recent,ðŸ‡®ðŸ‡· Iran Drones,,2025-07-26T22:05:20.289801
/atom/search?hl=en-US&amp;gl=US&amp;ceid=US%3Aen&amp;oc=11&amp;q=Iran%20drone%20when%3A24h,https://news.google.com/search?q=Iran%20drone%20when%3A24h&hl=en,Drones Source,Recent,ðŸ‡®ðŸ‡· Iran Drones,,2025-07-26T22:05:20.289809
More - Yemen launches hypersonic and drone strikes on Israel,https://news.google.com/search?q=Iran%20drone%20when%3A24h&hl=en,Drones Source,Recent,ðŸ‡®ðŸ‡· Iran Drones,,2025-07-26T22:05:20.290270
/rss/search?hl=en-US&amp;gl=US&amp;ceid=US%3Aen&amp;oc=11&amp;q=drone%20strike%20when%3A24h,https://news.google.com/search?q=drone%20strike%20when%3A24h&hl=en,Strikes Source,Recent,ðŸ’¥ Drone Strikes,,2025-07-26T22:05:22.397938
/atom/search?hl=en-US&amp;gl=US&amp;ceid=US%3Aen&amp;oc=11&amp;q=drone%20strike%20when%3A24h,https://news.google.com/search?q=drone%20strike%20when%3A24h&hl=en,Strikes Source,Recent,ðŸ’¥ Drone Strikes,,2025-07-26T22:05:22.397947
More - Five killed as Ukraine and Russia trade drone attacks,https://news.google.com/search?q=drone%20strike%20when%3A24h&hl=en,Strikes Source,Recent,ðŸ’¥ Drone Strikes,,2025-07-26T22:05:22.398389
Five killed as Ukraine and Russia trade drone attacks - BBC - 10 hours ago - By Alex Boyd,https://news.google.com/search?q=drone%20strike%20when%3A24h&hl=en,Strikes Source,Recent,ðŸ’¥ Drone Strikes,,2025-07-26T22:05:22.398399
/rss/search?hl=en-US&amp;gl=US&amp;ceid=US%3Aen&amp;oc=11&amp;q=anti-drone%20when%3A24h,https://news.google.com/search?q=anti-drone%20when%3A24h&hl=en,Counter-Drone Source,Recent,ðŸ›¡ï¸ Counter-Drone,,2025-07-26T22:05:25.710200
/atom/search?hl=en-US&amp;gl=US&amp;ceid=US%3Aen&amp;oc=11&amp;q=anti-drone%20when%3A24h,https://news.google.com/search?q=anti-drone%20when%3A24h&hl=en,Counter-Drone Source,Recent,ðŸ›¡ï¸ Counter-Drone,,2025-07-26T22:05:25.710208
More - russia Took a Year to Mass-Produce Ukrainian-Style Anti-Aircraft Drones â€” Now It&#39;s Time to Copy Their Countermeasures,https://news.google.com/search?q=anti-drone%20when%3A24h&hl=en,Counter-Drone Source,Recent,ðŸ›¡ï¸ Counter-Drone,,2025-07-26T22:05:25.710623
More - From Agniveer To Anti-Drone Specialist â€” How India Can Use Its â€˜Military Resourcesâ€™ To Fight UAV Menace: OPED,https://news.google.com/search?q=anti-drone%20when%3A24h&hl=en,Counter-Drone Source,Recent,ðŸ›¡ï¸ Counter-Drone,,2025-07-26T22:05:25.710653
">window.IJ_values = ['\/\/www.google.com\/advanced_search?hl\x3den-US\x26fg\x3d1\x26q\x3ddrone+swarm+when:24h',[null,null,",https://news.google.com/search?q=drone%20swarm%20when%3A24h&hl=en,Swarms Source,Recent,ðŸ Drone Swarms,,2025-07-26T22:05:27.730594
/rss/search?hl=en-US&amp;gl=US&amp;ceid=US%3Aen&amp;oc=11&amp;q=drone%20swarm%20when%3A24h,https://news.google.com/search?q=drone%20swarm%20when%3A24h&hl=en,Swarms Source,Recent,ðŸ Drone Swarms,,2025-07-26T22:05:27.731484
/atom/search?hl=en-US&amp;gl=US&amp;ceid=US%3Aen&amp;oc=11&amp;q=drone%20swarm%20when%3A24h,https://news.google.com/search?q=drone%20swarm%20when%3A24h&hl=en,Swarms Source,Recent,ðŸ Drone Swarms,,2025-07-26T22:05:27.731491
/rss/search?hl=en-US&amp;gl=US&amp;ceid=US%3Aen&amp;oc=11&amp;q=combat%20drone%20when%3A24h,https://news.google.com/search?q=combat%20drone%20when%3A24h&hl=en,Systems Source,Recent,âš”ï¸ Combat Systems,,2025-07-26T22:05:30.889271
/atom/search?hl=en-US&amp;gl=US&amp;ceid=US%3Aen&amp;oc=11&amp;q=combat%20drone%20when%3A24h,https://news.google.com/search?q=combat%20drone%20when%3A24h&hl=en,Systems Source,Recent,âš”ï¸ Combat Systems,,2025-07-26T22:05:30.889279
Ukrainian FPV Drone Neutralizes Russiaâ€™s Orion UAVâ€”Striking Its â€œNerve Centerâ€ - UNITED24 Media - 7 hours ago - By Ivan Khomenko,https://news.google.com/search?q=combat%20drone%20when%3A24h&hl=en,Systems Source,Recent,âš”ï¸ Combat Systems,,2025-07-26T22:05:30.889705
/rss/search?hl=en-US&amp;gl=US&amp;ceid=US%3Aen&amp;oc=11&amp;q=quadcopter%20when%3A24h,https://news.google.com/search?q=quadcopter%20when%3A24h&hl=en,Quadcopters Source,Recent,ðŸš Quadcopters,,2025-07-26T22:05:33.160778
/atom/search?hl=en-US&amp;gl=US&amp;ceid=US%3Aen&amp;oc=11&amp;q=quadcopter%20when%3A24h,https://news.google.com/search?q=quadcopter%20when%3A24h&hl=en,Quadcopters Source,Recent,ðŸš Quadcopters,,2025-07-26T22:05:33.160788
"More - Replacement Parts For Drones DAYUDDICA Done Pat, M33 C Done 3.7V 300mAh Lipo Battey 3s Lipo Xt30",https://news.google.com/search?q=quadcopter%20when%3A24h&hl=en,Quadcopters Source,Recent,ðŸš Quadcopters,,2025-07-26T22:05:33.161214
">window.IJ_values = ['\/\/www.google.com\/advanced_search?hl\x3den-US\x26fg\x3d1\x26q\x3dtactical+UAV+when:24h',[null,null,",https://news.google.com/search?q=tactical%20UAV%20when%3A24h&hl=en,UAV Source,Recent,ðŸŽ¯ Tactical UAV,,2025-07-26T22:05:36.367662
/rss/search?hl=en-US&amp;gl=US&amp;ceid=US%3Aen&amp;oc=11&amp;q=tactical%20UAV%20when%3A24h,https://news.google.com/search?q=tactical%20UAV%20when%3A24h&hl=en,UAV Source,Recent,ðŸŽ¯ Tactical UAV,,2025-07-26T22:05:36.368570
/atom/search?hl=en-US&amp;gl=US&amp;ceid=US%3Aen&amp;oc=11&amp;q=tactical%20UAV%20when%3A24h,https://news.google.com/search?q=tactical%20UAV%20when%3A24h&hl=en,UAV Source,Recent,ðŸŽ¯ Tactical UAV,,2025-07-26T22:05:36.368579
More - Exercise Drone Prahaar: Indian Army showcases advanced UAV integration in major drill,https://news.google.com/search?q=tactical%20UAV%20when%3A24h&hl=en,UAV Source,Recent,ðŸŽ¯ Tactical UAV,,2025-07-26T22:05:36.369038
">window.IJ_values = ['\/\/www.google.com\/advanced_search?hl\x3den-US\x26fg\x3d1\x26q\x3dNorth+Korea+drone+when:24h',[null,null,",https://news.google.com/search?q=North%20Korea%20drone%20when%3A24h&hl=en,Drones Source,Recent,ðŸ‡°ðŸ‡µ DPRK Drones,,2025-07-26T22:05:37.801042
/rss/search?hl=en-US&amp;gl=US&amp;ceid=US%3Aen&amp;oc=11&amp;q=North%20Korea%20drone%20when%3A24h,https://news.google.com/search?q=North%20Korea%20drone%20when%3A24h&hl=en,Drones Source,Recent,ðŸ‡°ðŸ‡µ DPRK Drones,,2025-07-26T22:05:37.801941
Google News - North Korea drone when:24h - Atom,https://news.google.com/search?q=North%20Korea%20drone%20when%3A24h&hl=en,Drones Source,Recent,ðŸ‡°ðŸ‡µ DPRK Drones,,2025-07-26T22:05:37.801944
/atom/search?hl=en-US&amp;gl=US&amp;ceid=US%3Aen&amp;oc=11&amp;q=North%20Korea%20drone%20when%3A24h,https://news.google.com/search?q=North%20Korea%20drone%20when%3A24h&hl=en,Drones Source,Recent,ðŸ‡°ðŸ‡µ DPRK Drones,,2025-07-26T22:05:37.801949
More - South Korea suspends official accused of illegally sending drones to North Korea,https://news.google.com/search?q=North%20Korea%20drone%20when%3A24h&hl=en,Drones Source,Recent,ðŸ‡°ðŸ‡µ DPRK Drones,,2025-07-26T22:05:37.802351
">window.IJ_values = ['\/\/www.google.com\/advanced_search?hl\x3den-US\x26fg\x3d1\x26q\x3dUkraine+drone+when:24h',[null,null,",https://news.google.com/search?q=Ukraine%20drone%20when%3A24h&hl=en,Drones Source,Recent,ðŸ‡ºðŸ‡¦ Ukraine Drones,,2025-07-26T22:05:39.991610
/rss/search?hl=en-US&amp;gl=US&amp;ceid=US%3Aen&amp;oc=11&amp;q=Ukraine%20drone%20when%3A24h,https://news.google.com/search?q=Ukraine%20drone%20when%3A24h&hl=en,Drones Source,Recent,ðŸ‡ºðŸ‡¦ Ukraine Drones,,2025-07-26T22:05:39.992495
/atom/search?hl=en-US&amp;gl=US&amp;ceid=US%3Aen&amp;oc=11&amp;q=Ukraine%20drone%20when%3A24h,https://news.google.com/search?q=Ukraine%20drone%20when%3A24h&hl=en,Drones Source,Recent,ðŸ‡ºðŸ‡¦ Ukraine Drones,,2025-07-26T22:05:39.992503
">window.IJ_values = ['\/\/www.google.com\/advanced_search?hl\x3den-US\x26fg\x3d1\x26q\x3dIsrael+drone+when:24h',[null,null,",https://news.google.com/search?q=Israel%20drone%20when%3A24h&hl=en,Drones Source,Recent,ðŸ‡®ðŸ‡± Israel Drones,,2025-07-26T22:05:42.561311
/rss/search?hl=en-US&amp;gl=US&amp;ceid=US%3Aen&amp;oc=11&amp;q=Israel%20drone%20when%3A24h,https://news.google.com/search?q=Israel%20drone%20when%3A24h&hl=en,Drones Source,Recent,ðŸ‡®ðŸ‡± Israel Drones,,2025-07-26T22:05:42.562205
/atom/search?hl=en-US&amp;gl=US&amp;ceid=US%3Aen&amp;oc=11&amp;q=Israel%20drone%20when%3A24h,https://news.google.com/search?q=Israel%20drone%20when%3A24h&hl=en,Drones Source,Recent,ðŸ‡®ðŸ‡± Israel Drones,,2025-07-26T22:05:42.562213
More - Three killed as Israeli drones strike southern Lebanon despite ceasefire,https://news.google.com/search?q=Israel%20drone%20when%3A24h&hl=en,Drones Source,Recent,ðŸ‡®ðŸ‡± Israel Drones,,2025-07-26T22:05:42.562642
">window.IJ_values = ['\/\/www.google.com\/advanced_search?hl\x3den-US\x26fg\x3d1\x26q\x3dTurkey+drone+when:24h',[null,null,",https://news.google.com/search?q=Turkey%20drone%20when%3A24h&hl=en,Drones Source,Recent,ðŸ‡¹ðŸ‡· Turkey Drones,,2025-07-26T22:05:44.101319
/rss/search?hl=en-US&amp;gl=US&amp;ceid=US%3Aen&amp;oc=11&amp;q=Turkey%20drone%20when%3A24h,https://news.google.com/search?q=Turkey%20drone%20when%3A24h&hl=en,Drones Source,Recent,ðŸ‡¹ðŸ‡· Turkey Drones,,2025-07-26T22:05:44.102208
/atom/search?hl=en-US&amp;gl=US&amp;ceid=US%3Aen&amp;oc=11&amp;q=Turkey%20drone%20when%3A24h,https://news.google.com/search?q=Turkey%20drone%20when%3A24h&hl=en,Drones Source,Recent,ðŸ‡¹ðŸ‡· Turkey Drones,,2025-07-26T22:05:44.102216
More - Turkeyâ€™s drone industry fuels African conflicts: report,https://news.google.com/search?q=Turkey%20drone%20when%3A24h&hl=en,Drones Source,Recent,ðŸ‡¹ðŸ‡· Turkey Drones,,2025-07-26T22:05:44.102620
">window.IJ_values = ['\/\/www.google.com\/advanced_search?hl\x3den-US\x26fg\x3d1\x26q\x3dFPV+drone+when:24h',[null,null,",https://news.google.com/search?q=FPV%20drone%20when%3A24h&hl=en,Systems Source,Recent,ðŸŽ® FPV Systems,,2025-07-26T22:05:46.618294
/rss/search?hl=en-US&amp;gl=US&amp;ceid=US%3Aen&amp;oc=11&amp;q=FPV%20drone%20when%3A24h,https://news.google.com/search?q=FPV%20drone%20when%3A24h&hl=en,Systems Source,Recent,ðŸŽ® FPV Systems,,2025-07-26T22:05:46.619194
/atom/search?hl=en-US&amp;gl=US&amp;ceid=US%3Aen&amp;oc=11&amp;q=FPV%20drone%20when%3A24h,https://news.google.com/search?q=FPV%20drone%20when%3A24h&hl=en,Systems Source,Recent,ðŸŽ® FPV Systems,,2025-07-26T22:05:46.619201
">window.IJ_values = ['\/\/www.google.com\/advanced_search?hl\x3den-US\x26fg\x3d1\x26q\x3dVTOL+drone+when:24h',[null,null,",https://news.google.com/search?q=VTOL%20drone%20when%3A24h&hl=en,Systems Source,Recent,ðŸš VTOL Systems,,2025-07-26T22:05:49.617562
/rss/search?hl=en-US&amp;gl=US&amp;ceid=US%3Aen&amp;oc=11&amp;q=VTOL%20drone%20when%3A24h,https://news.google.com/search?q=VTOL%20drone%20when%3A24h&hl=en,Systems Source,Recent,ðŸš VTOL Systems,,2025-07-26T22:05:49.618479
/atom/search?hl=en-US&amp;gl=US&amp;ceid=US%3Aen&amp;oc=11&amp;q=VTOL%20drone%20when%3A24h,https://news.google.com/search?q=VTOL%20drone%20when%3A24h&hl=en,Systems Source,Recent,ðŸš VTOL Systems,,2025-07-26T22:05:49.618487
UbH6m;VTOL|32+drone|32+when:24h;2,https://news.google.com/search?q=VTOL%20drone%20when%3A24h&hl=en,Systems Source,Recent,ðŸš VTOL Systems,,2025-07-26T22:05:49.618953
/rss/search?hl=en-US&amp;gl=US&amp;ceid=US%3Aen&amp;oc=11&amp;q=commercial%20drone%20when%3A24h,https://news.google.com/search?q=commercial%20drone%20when%3A24h&hl=en,Drones Source,Recent,ðŸ“¦ Commercial Drones,,2025-07-26T22:05:52.548609
/atom/search?hl=en-US&amp;gl=US&amp;ceid=US%3Aen&amp;oc=11&amp;q=commercial%20drone%20when%3A24h,https://news.google.com/search?q=commercial%20drone%20when%3A24h&hl=en,Drones Source,Recent,ðŸ“¦ Commercial Drones,,2025-07-26T22:05:52.548617
">window.IJ_values = ['\/\/www.google.com\/advanced_search?hl\x3den-US\x26fg\x3d1\x26q\x3ddrone+delivery+when:24h',[null,null,",https://news.google.com/search?q=drone%20delivery%20when%3A24h&hl=en,Services Source,Recent,ðŸ“¦ Delivery Services,,2025-07-26T22:05:54.082379
/rss/search?hl=en-US&amp;gl=US&amp;ceid=US%3Aen&amp;oc=11&amp;q=drone%20delivery%20when%3A24h,https://news.google.com/search?q=drone%20delivery%20when%3A24h&hl=en,Services Source,Recent,ðŸ“¦ Delivery Services,,2025-07-26T22:05:54.083267
/atom/search?hl=en-US&amp;gl=US&amp;ceid=US%3Aen&amp;oc=11&amp;q=drone%20delivery%20when%3A24h,https://news.google.com/search?q=drone%20delivery%20when%3A24h&hl=en,Services Source,Recent,ðŸ“¦ Delivery Services,,2025-07-26T22:05:54.083275
More - Startups And Drones: A Tale Of Two State Grants,https://news.google.com/search?q=drone%20delivery%20when%3A24h&hl=en,Services Source,Recent,ðŸ“¦ Delivery Services,,2025-07-26T22:05:54.083712
">window.IJ_values = ['\/\/www.google.com\/advanced_search?hl\x3den-US\x26fg\x3d1\x26q\x3dagricultural+drone+when:24h',[null,null,",https://news.google.com/search?q=agricultural%20drone%20when%3A24h&hl=en,Drones Source,Recent,ðŸšœ Agricultural Drones,,2025-07-26T22:05:56.430702
/rss/search?hl=en-US&amp;gl=US&amp;ceid=US%3Aen&amp;oc=11&amp;q=agricultural%20drone%20when%3A24h,https://news.google.com/search?q=agricultural%20drone%20when%3A24h&hl=en,Drones Source,Recent,ðŸšœ Agricultural Drones,,2025-07-26T22:05:56.431612
/atom/search?hl=en-US&amp;gl=US&amp;ceid=US%3Aen&amp;oc=11&amp;q=agricultural%20drone%20when%3A24h,https://news.google.com/search?q=agricultural%20drone%20when%3A24h&hl=en,Drones Source,Recent,ðŸšœ Agricultural Drones,,2025-07-26T22:05:56.431620
More - Livingston County Soil and Water Conservation District to discuss drones in agriculture,https://news.google.com/search?q=agricultural%20drone%20when%3A24h&hl=en,Drones Source,Recent,ðŸšœ Agricultural Drones,,2025-07-26T22:05:56.432053
/rss/search?hl=en-US&amp;gl=US&amp;ceid=US%3Aen&amp;oc=11&amp;q=drone%20regulation%20when%3A24h,https://news.google.com/search?q=drone%20regulation%20when%3A24h&hl=en,Regulation Source,Recent,ðŸ“‹ Regulation,,2025-07-26T22:05:58.846350
/atom/search?hl=en-US&amp;gl=US&amp;ceid=US%3Aen&amp;oc=11&amp;q=drone%20regulation%20when%3A24h,https://news.google.com/search?q=drone%20regulation%20when%3A24h&hl=en,Regulation Source,Recent,ðŸ“‹ Regulation,,2025-07-26T22:05:58.846358
UbH6m;drone|32+regulation|32+when:24h;2,https://news.google.com/search?q=drone%20regulation%20when%3A24h&hl=en,Regulation Source,Recent,ðŸ“‹ Regulation,,2025-07-26T22:05:58.846862
>drone regulation when:24h</h2><div class=,https://news.google.com/search?q=drone%20regulation%20when%3A24h&hl=en,Regulation Source,Recent,ðŸ“‹ Regulation,,2025-07-26T22:05:58.846870
/rss/search?hl=en-US&amp;gl=US&amp;ceid=US%3Aen&amp;oc=11&amp;q=FAA%20drone%20when%3A24h,https://news.google.com/search?q=FAA%20drone%20when%3A24h&hl=en,Policy Source,Recent,ðŸ“‹ FAA Policy,,2025-07-26T22:06:01.613538
/atom/search?hl=en-US&amp;gl=US&amp;ceid=US%3Aen&amp;oc=11&amp;q=FAA%20drone%20when%3A24h,https://news.google.com/search?q=FAA%20drone%20when%3A24h&hl=en,Policy Source,Recent,ðŸ“‹ FAA Policy,,2025-07-26T22:06:01.613547
More - Rules keeping drones on leash could loosen with deregulation proposal from Congress,https://news.google.com/search?q=FAA%20drone%20when%3A24h&hl=en,Policy Source,Recent,ðŸ“‹ FAA Policy,,2025-07-26T22:06:01.614006
Rules keeping drones on leash could loosen with deregulation proposal from Congress - MSN - 14 hours ago - By Morgan Phillips,https://news.google.com/search?q=FAA%20drone%20when%3A24h&hl=en,Policy Source,Recent,ðŸ“‹ FAA Policy,,2025-07-26T22:06:01.614016
">window.IJ_values = ['\/\/www.google.com\/advanced_search?hl\x3den-US\x26fg\x3d1\x26q\x3dsite:reuters.com+drone+when:24h',[null,null,",https://news.google.com/search?q=site%3Areuters.com%20drone%20when%3A24h&hl=en,Reuters Source,Recent,ðŸ“º Reuters,,2025-07-26T22:06:03.725668
/rss/search?hl=en-US&amp;gl=US&amp;ceid=US%3Aen&amp;oc=11&amp;q=site%3Areuters.com%20drone%20when%3A24h,https://news.google.com/search?q=site%3Areuters.com%20drone%20when%3A24h&hl=en,Reuters Source,Recent,ðŸ“º Reuters,,2025-07-26T22:06:03.726573
/atom/search?hl=en-US&amp;gl=US&amp;ceid=US%3Aen&amp;oc=11&amp;q=site%3Areuters.com%20drone%20when%3A24h,https://news.google.com/search?q=site%3Areuters.com%20drone%20when%3A24h&hl=en,Reuters Source,Recent,ðŸ“º Reuters,,2025-07-26T22:06:03.726580
site:reuters.com drone when:24h,https://news.google.com/search?q=site%3Areuters.com%20drone%20when%3A24h&hl=en,Reuters Source,Recent,ðŸ“º Reuters,,2025-07-26T22:06:03.726589
/rss/search?hl=en-US&amp;gl=US&amp;ceid=US%3Aen&amp;oc=11&amp;q=site%3Adefensenews.com%20drone%20when%3A24h,https://news.google.com/search?q=site%3Adefensenews.com%20drone%20when%3A24h&hl=en,News Source,Recent,ðŸ“° Defense News,,2025-07-26T22:06:05.280777
/atom/search?hl=en-US&amp;gl=US&amp;ceid=US%3Aen&amp;oc=11&amp;q=site%3Adefensenews.com%20drone%20when%3A24h,https://news.google.com/search?q=site%3Adefensenews.com%20drone%20when%3A24h&hl=en,News Source,Recent,ðŸ“° Defense News,,2025-07-26T22:06:05.280786
site:defensenews.com drone when:24h,https://news.google.com/search?q=site%3Adefensenews.com%20drone%20when%3A24h&hl=en,News Source,Recent,ðŸ“° Defense News,,2025-07-26T22:06:05.280795
UbH6m;site:defensenews.com|32+drone|32+when:24h;2,https://news.google.com/search?q=site%3Adefensenews.com%20drone%20when%3A24h&hl=en,News Source,Recent,ðŸ“° Defense News,,2025-07-26T22:06:05.281225
/rss/search?hl=en-US&amp;gl=US&amp;ceid=US%3Aen&amp;oc=11&amp;q=site%3Ajanes.com%20drone%20when%3A24h,https://news.google.com/search?q=site%3Ajanes.com%20drone%20when%3A24h&hl=en,Defence Source,Recent,ðŸ“° Jane's Defence,,2025-07-26T22:06:07.383757
/atom/search?hl=en-US&amp;gl=US&amp;ceid=US%3Aen&amp;oc=11&amp;q=site%3Ajanes.com%20drone%20when%3A24h,https://news.google.com/search?q=site%3Ajanes.com%20drone%20when%3A24h&hl=en,Defence Source,Recent,ðŸ“° Jane's Defence,,2025-07-26T22:06:07.383765
UbH6m;site:janes.com|32+drone|32+when:24h;2,https://news.google.com/search?q=site%3Ajanes.com%20drone%20when%3A24h&hl=en,Defence Source,Recent,ðŸ“° Jane's Defence,,2025-07-26T22:06:07.384223
>site:janes.com drone when:24h</h2><div class=,https://news.google.com/search?q=site%3Ajanes.com%20drone%20when%3A24h&hl=en,Defence Source,Recent,ðŸ“° Jane's Defence,,2025-07-26T22:06:07.384232
">window.IJ_values = ['\/\/www.google.com\/advanced_search?hl\x3den-US\x26fg\x3d1\x26q\x3dsite:cnn.com+drone+when:24h',[null,null,",https://news.google.com/search?q=site%3Acnn.com%20drone%20when%3A24h&hl=en,CNN Source,Recent,ðŸ“º CNN,,2025-07-26T22:06:10.532485
/rss/search?hl=en-US&amp;gl=US&amp;ceid=US%3Aen&amp;oc=11&amp;q=site%3Acnn.com%20drone%20when%3A24h,https://news.google.com/search?q=site%3Acnn.com%20drone%20when%3A24h&hl=en,CNN Source,Recent,ðŸ“º CNN,,2025-07-26T22:06:10.533382
/atom/search?hl=en-US&amp;gl=US&amp;ceid=US%3Aen&amp;oc=11&amp;q=site%3Acnn.com%20drone%20when%3A24h,https://news.google.com/search?q=site%3Acnn.com%20drone%20when%3A24h&hl=en,CNN Source,Recent,ðŸ“º CNN,,2025-07-26T22:06:10.533389
UbH6m;site:cnn.com|32+drone|32+when:24h;2,https://news.google.com/search?q=site%3Acnn.com%20drone%20when%3A24h&hl=en,CNN Source,Recent,ðŸ“º CNN,,2025-07-26T22:06:10.534862
/rss/search?hl=en-US&amp;gl=US&amp;ceid=US%3Aen&amp;oc=11&amp;q=site%3Abbc.com%20drone%20when%3A24h,https://news.google.com/search?q=site%3Abbc.com%20drone%20when%3A24h&hl=en,BBC Source,Recent,ðŸ“º BBC,,2025-07-26T22:06:13.707879
/atom/search?hl=en-US&amp;gl=US&amp;ceid=US%3Aen&amp;oc=11&amp;q=site%3Abbc.com%20drone%20when%3A24h,https://news.google.com/search?q=site%3Abbc.com%20drone%20when%3A24h&hl=en,BBC Source,Recent,ðŸ“º BBC,,2025-07-26T22:06:13.707887
/rss/search?hl=en-US&amp;gl=US&amp;ceid=US%3Aen&amp;oc=11&amp;q=site%3Abloomberg.com%20drone%20when%3A24h,https://news.google.com/search?q=site%3Abloomberg.com%20drone%20when%3A24h&hl=en,Bloomberg Source,Recent,ðŸ“º Bloomberg,,2025-07-26T22:06:16.152794
/atom/search?hl=en-US&amp;gl=US&amp;ceid=US%3Aen&amp;oc=11&amp;q=site%3Abloomberg.com%20drone%20when%3A24h,https://news.google.com/search?q=site%3Abloomberg.com%20drone%20when%3A24h&hl=en,Bloomberg Source,Recent,ðŸ“º Bloomberg,,2025-07-26T22:06:16.152802
site:bloomberg.com drone when:24h,https://news.google.com/search?q=site%3Abloomberg.com%20drone%20when%3A24h&hl=en,Bloomberg Source,Recent,ðŸ“º Bloomberg,,2025-07-26T22:06:16.152811
UbH6m;site:bloomberg.com|32+drone|32+when:24h;2,https://news.google.com/search?q=site%3Abloomberg.com%20drone%20when%3A24h&hl=en,Bloomberg Source,Recent,ðŸ“º Bloomberg,,2025-07-26T22:06:16.153647
/rss/search?hl=en-US&amp;gl=US&amp;ceid=US%3Aen&amp;oc=11&amp;q=site%3Awsj.com%20drone%20when%3A24h,https://news.google.com/search?q=site%3Awsj.com%20drone%20when%3A24h&hl=en,Journal Source,Recent,ðŸ“º Wall Street Journal,,2025-07-26T22:06:18.380042
/atom/search?hl=en-US&amp;gl=US&amp;ceid=US%3Aen&amp;oc=11&amp;q=site%3Awsj.com%20drone%20when%3A24h,https://news.google.com/search?q=site%3Awsj.com%20drone%20when%3A24h&hl=en,Journal Source,Recent,ðŸ“º Wall Street Journal,,2025-07-26T22:06:18.380051
UbH6m;site:wsj.com|32+drone|32+when:24h;2,https://news.google.com/search?q=site%3Awsj.com%20drone%20when%3A24h&hl=en,Journal Source,Recent,ðŸ“º Wall Street Journal,,2025-07-26T22:06:18.381478
">window.IJ_values = ['\/\/www.google.com\/advanced_search?hl\x3den-US\x26fg\x3d1\x26q\x3dsite:thedrive.com+drone+when:24h',[null,null,",https://news.google.com/search?q=site%3Athedrive.com%20drone%20when%3A24h&hl=en,Drive Source,Recent,ðŸ“° The Drive,,2025-07-26T22:06:19.887014
/rss/search?hl=en-US&amp;gl=US&amp;ceid=US%3Aen&amp;oc=11&amp;q=site%3Athedrive.com%20drone%20when%3A24h,https://news.google.com/search?q=site%3Athedrive.com%20drone%20when%3A24h&hl=en,Drive Source,Recent,ðŸ“° The Drive,,2025-07-26T22:06:19.887912
/atom/search?hl=en-US&amp;gl=US&amp;ceid=US%3Aen&amp;oc=11&amp;q=site%3Athedrive.com%20drone%20when%3A24h,https://news.google.com/search?q=site%3Athedrive.com%20drone%20when%3A24h&hl=en,Drive Source,Recent,ðŸ“° The Drive,,2025-07-26T22:06:19.887920
site:thedrive.com drone when:24h,https://news.google.com/search?q=site%3Athedrive.com%20drone%20when%3A24h&hl=en,Drive Source,Recent,ðŸ“° The Drive,,2025-07-26T22:06:19.887929
">window.IJ_values = ['\/\/www.google.com\/advanced_search?hl\x3den-US\x26fg\x3d1\x26q\x3dsite:wired.com+drone+when:24h',[null,null,",https://news.google.com/search?q=site%3Awired.com%20drone%20when%3A24h&hl=en,Wired Source,Recent,ðŸ’» Wired,,2025-07-26T22:06:22.237602
/rss/search?hl=en-US&amp;gl=US&amp;ceid=US%3Aen&amp;oc=11&amp;q=site%3Awired.com%20drone%20when%3A24h,https://news.google.com/search?q=site%3Awired.com%20drone%20when%3A24h&hl=en,Wired Source,Recent,ðŸ’» Wired,,2025-07-26T22:06:22.238520
/atom/search?hl=en-US&amp;gl=US&amp;ceid=US%3Aen&amp;oc=11&amp;q=site%3Awired.com%20drone%20when%3A24h,https://news.google.com/search?q=site%3Awired.com%20drone%20when%3A24h&hl=en,Wired Source,Recent,ðŸ’» Wired,,2025-07-26T22:06:22.238528
UbH6m;site:wired.com|32+drone|32+when:24h;2,https://news.google.com/search?q=site%3Awired.com%20drone%20when%3A24h&hl=en,Wired Source,Recent,ðŸ’» Wired,,2025-07-26T22:06:22.238989
